seq	name	address	size_bytes	status	c_offset
1	FUN_140001000	140001000	28	OK	256
2	FUN_140001020	140001020	90	OK	647
3	FUN_140001080	140001080	45	OK	932
4	FUN_1400010b0	1400010b0	237	OK	1903
5	FUN_1400011a0	1400011a0	45	OK	2183
6	FUN_1400011d0	1400011d0	93	OK	2615
7	FUN_140001230	140001230	35	OK	2882
8	FUN_140001260	140001260	3	OK	3005
9	FUN_140001270	140001270	367	OK	5705
10	FUN_1400013f0	1400013f0	104	OK	6385
11	FUN_140001460	140001460	11	OK	6622
12	FUN_140001470	140001470	133	OK	7298
13	FUN_140001500	140001500	154	OK	8258
14	FUN_1400015a0	1400015a0	521	OK	10435
15	FUN_1400017b0	1400017b0	432	OK	12663
16	FUN_140001970	140001970	103	OK	13140
17	FUN_1400019e0	1400019e0	201	OK	14423
18	FUN_140001ab0	140001ab0	86	OK	14977
19	FUN_140001b10	140001b10	123	OK	15695
20	FUN_140001ba0	140001ba0	68	OK	16303
21	FUN_140001bf0	140001bf0	314	OK	18057
22	FUN_140001d30	140001d30	133	OK	18913
23	FUN_140001dc0	140001dc0	119	OK	19696
24	FUN_140001e40	140001e40	58	OK	20161
25	FUN_140001e80	140001e80	73	OK	20704
26	FUN_140001ed0	140001ed0	353	OK	22106
27	FUN_140002060	140002060	364	OK	23688
28	FUN_140002200	140002200	329	OK	25160
29	FUN_140002390	140002390	166	OK	26181
30	FUN_140002440	140002440	149	OK	26959
31	FUN_1400024e0	1400024e0	89	OK	27366
32	FUN_140002540	140002540	194	OK	28132
33	FUN_140002610	140002610	443	OK	31019
34	FUN_1400027e0	1400027e0	650	OK	34661
35	FUN_140002a70	140002a70	391	OK	37050
36	FUN_140002c00	140002c00	852	OK	41418
37	FUN_140002fa0	140002fa0	73	OK	41964
38	FUN_140002ff0	140002ff0	129	OK	42425
39	FUN_140003080	140003080	96	OK	42830
40	FUN_1400030f0	1400030f0	110	OK	43414
41	FUN_140003170	140003170	162	OK	44005
42	FUN_140003220	140003220	104	OK	44628
43	FUN_140003290	140003290	104	OK	45239
44	FUN_140003300	140003300	126	OK	45888
45	FUN_140003390	140003390	151	OK	46391
46	FUN_140003430	140003430	110	OK	46974
47	FUN_1400034b0	1400034b0	148	OK	47683
48	FUN_140003550	140003550	148	OK	48400
49	FUN_1400035f0	1400035f0	230	OK	49334
50	FUN_1400036e0	1400036e0	149	OK	50119
51	FUN_140003780	140003780	141	OK	50658
52	FUN_140003820	140003820	95	OK	51115
53	FUN_140003890	140003890	132	OK	51625
54	FUN_140003920	140003920	166	OK	52191
55	FUN_1400039d0	1400039d0	152	OK	52827
56	FUN_140003a70	140003a70	156	OK	53408
57	FUN_140003b20	140003b20	157	OK	54212
58	FUN_140003bd0	140003bd0	140	OK	54853
59	FUN_140003c70	140003c70	132	OK	55336
60	FUN_140003d00	140003d00	148	OK	55952
61	FUN_140003da0	140003da0	234	OK	57109
62	FUN_140003e90	140003e90	166	OK	57587
63	FUN_140003f40	140003f40	218	OK	58229
64	FUN_140004020	140004020	3	OK	58361
65	FUN_140004030	140004030	3	OK	58493
66	FUN_140004040	140004040	50	OK	58872
67	thunk_FUN_14001dc90	140004080	5	OK	59171
68	FUN_140004090	140004090	55	OK	59524
69	FUN_1400040d0	1400040d0	55	OK	59877
70	FUN_140004110	140004110	55	OK	60234
71	FUN_140004150	140004150	55	OK	60590
72	FUN_140004190	140004190	55	OK	60946
73	FUN_1400041d0	1400041d0	55	OK	61303
74	FUN_140004210	140004210	55	OK	61676
75	FUN_140004250	140004250	55	OK	62033
76	FUN_140004290	140004290	3	OK	62165
77	FUN_1400042a0	1400042a0	3	OK	62297
78	FUN_1400042b0	1400042b0	270	OK	64369
79	FUN_1400043c0	1400043c0	16	OK	64778
80	FUN_1400043d0	1400043d0	44	OK	65035
81	FUN_140004400	140004400	80	OK	65664
82	FUN_140004450	140004450	79	OK	66288
83	FUN_1400044a0	1400044a0	95	OK	67006
84	FUN_140004500	140004500	117	OK	67819
85	FUN_140004580	140004580	95	OK	68537
86	FUN_1400045e0	1400045e0	156	OK	69538
87	FUN_140004680	140004680	117	OK	70351
88	FUN_140004700	140004700	697	OK	74679
89	FUN_1400049c0	1400049c0	112	OK	75218
90	FUN_140004a40	140004a40	36	OK	75428
91	FUN_140004a70	140004a70	237	OK	76685
92	FUN_140004b70	140004b70	1606	OK	90235
93	FUN_1400051c0	1400051c0	955	OK	95276
94	FUN_140005590	140005590	102	OK	95734
95	FUN_140005600	140005600	618	OK	99926
96	FUN_140005870	140005870	84	OK	100333
97	FUN_1400058d0	1400058d0	368	OK	102337
98	FUN_140005a50	140005a50	370	OK	104343
99	FUN_140005bd0	140005bd0	373	OK	106434
100	FUN_140005d50	140005d50	173	OK	107568
101	FUN_140005e10	140005e10	122	OK	108150
102	FUN_140005e90	140005e90	177	OK	108939
103	FUN_140005f50	140005f50	90	OK	109409
104	FUN_140005fb0	140005fb0	161	OK	110280
105	FUN_140006060	140006060	115	OK	110763
106	FUN_1400060e0	1400060e0	113	OK	111380
107	FUN_140006160	140006160	148	OK	112322
108	FUN_140006200	140006200	178	OK	113325
109	FUN_1400062c0	1400062c0	105	OK	113814
110	FUN_140006330	140006330	332	OK	115463
111	FUN_140006490	140006490	379	OK	117322
112	FUN_140006670	140006670	34	OK	117568
113	FUN_1400066a0	1400066a0	1110	OK	122959
114	FUN_140006b00	140006b00	70	OK	123262
115	FUN_140006b50	140006b50	179	OK	124455
116	FUN_140006c10	140006c10	235	OK	125707
117	FUN_140006d10	140006d10	240	OK	127122
118	FUN_140006e10	140006e10	70	OK	127760
119	FUN_140006e60	140006e60	352	OK	129806
120	FUN_140006fd0	140006fd0	128	OK	130443
121	FUN_140007060	140007060	184	OK	131439
122	FUN_140007130	140007130	110	OK	132147
123	FUN_1400071b0	1400071b0	31	OK	132361
124	FUN_1400071e0	1400071e0	55	OK	132669
125	FUN_140007220	140007220	212	OK	133885
126	FUN_140007300	140007300	1077	OK	138624
127	FUN_140007740	140007740	1151	OK	144408
128	FUN_140007bd0	140007bd0	260	OK	145935
129	FUN_140007ce0	140007ce0	1557	OK	156088
130	FUN_140008300	140008300	132	OK	157075
131	FUN_140008390	140008390	169	OK	158233
132	FUN_140008440	140008440	372	OK	160373
133	FUN_1400085c0	1400085c0	789	OK	165367
134	FUN_1400088e0	1400088e0	1171	OK	172295
135	FUN_140008d80	140008d80	281	OK	174376
136	FUN_140008ea0	140008ea0	36	OK	174623
137	FUN_140008ed0	140008ed0	36	OK	174871
138	FUN_140008f00	140008f00	38	OK	175125
139	FUN_140008f30	140008f30	41	OK	175375
140	FUN_140008f60	140008f60	36	OK	175622
141	FUN_140008f90	140008f90	34	OK	175869
142	FUN_140008fc0	140008fc0	36	OK	176117
143	FUN_140008ff0	140008ff0	60	OK	176470
144	FUN_140009040	140009040	57	OK	176804
145	FUN_140009080	140009080	60	OK	177197
146	FUN_1400090d0	1400090d0	471	OK	179003
147	FUN_1400092b0	1400092b0	476	OK	181474
148	FUN_1400094a0	1400094a0	265	OK	182723
149	FUN_1400095b0	1400095b0	1150	OK	188757
150	FUN_140009a40	140009a40	491	OK	190996
151	FUN_140009c40	140009c40	642	OK	194508
152	FUN_140009ed0	140009ed0	461	OK	196933
153	FUN_14000a0b0	14000a0b0	108	OK	197801
154	FUN_14000a130	14000a130	87	OK	198505
155	FUN_14000a190	14000a190	1515	OK	208180
156	FUN_14000a790	14000a790	678	OK	211955
157	FUN_14000aa40	14000aa40	108	OK	212822
158	FUN_14000aac0	14000aac0	1266	OK	220587
159	FUN_14000afc0	14000afc0	651	OK	224233
160	FUN_14000b260	14000b260	108	OK	225100
161	FUN_14000b2e0	14000b2e0	1221	OK	232518
162	FUN_14000b7b0	14000b7b0	68	OK	232965
163	FUN_14000b800	14000b800	744	OK	237639
164	FUN_14000baf0	14000baf0	469	OK	239476
165	FUN_14000bcd0	14000bcd0	87	OK	239826
166	FUN_14000bd30	14000bd30	421	OK	241794
167	FUN_14000bee0	14000bee0	129	OK	242404
168	FUN_14000bf70	14000bf70	344	OK	244399
169	FUN_14000c0e0	14000c0e0	265	OK	246121
170	FUN_14000c1f0	14000c1f0	49	OK	246376
171	FUN_14000c230	14000c230	37	OK	246626
172	FUN_14000c260	14000c260	36	OK	246877
173	FUN_14000c290	14000c290	36	OK	247129
174	FUN_14000c2c0	14000c2c0	36	OK	247376
175	FUN_14000c2f0	14000c2f0	204	OK	248582
176	FUN_14000c3d0	14000c3d0	39	OK	248811
177	FUN_14000c400	14000c400	224	OK	250077
178	FUN_14000c4f0	14000c4f0	42	OK	250306
179	FUN_14000c520	14000c520	51	OK	250694
180	FUN_14000c560	14000c560	220	OK	252346
181	FUN_14000c650	14000c650	62	OK	252660
182	FUN_14000c6a0	14000c6a0	200	OK	253803
183	FUN_14000c770	14000c770	16	OK	254046
184	FUN_14000c790	14000c790	678	OK	257379
185	FUN_14000ca40	14000ca40	224	OK	258685
186	FUN_14000cb30	14000cb30	484	OK	262060
187	FUN_14000cd40	14000cd40	86	OK	262583
188	FUN_14000cda0	14000cda0	100	OK	263199
189	FUN_14000ce10	14000ce10	329	OK	265121
190	FUN_14000cf60	14000cf60	384	OK	266729
191	FUN_14000d0f0	14000d0f0	500	OK	269776
192	FUN_14000d2f0	14000d2f0	130	OK	270733
193	FUN_14000d380	14000d380	94	OK	271254
194	FUN_14000d3f0	14000d3f0	332	OK	273089
195	FUN_14000d550	14000d550	91	OK	273583
196	FUN_14000d5c0	14000d5c0	333	OK	275402
197	FUN_14000d710	14000d710	727	OK	279798
198	FUN_14000d9f0	14000d9f0	383	OK	282421
199	FUN_14000db80	14000db80	376	OK	284859
200	FUN_14000dd00	14000dd00	799	OK	287797
201	FUN_14000e030	14000e030	866	OK	291035
202	FUN_14000e3a0	14000e3a0	350	OK	293082
203	FUN_14000e510	14000e510	137	OK	294114
204	FUN_14000e5a0	14000e5a0	242	OK	295694
205	FUN_14000e6a0	14000e6a0	77	OK	296139
206	FUN_14000e700	14000e700	103	OK	296866
207	FUN_14000e770	14000e770	3	OK	296991
208	FUN_14000e780	14000e780	6	OK	297133
209	FUN_14000e790	14000e790	6	OK	297275
210	FUN_14000e7a0	14000e7a0	6	OK	297417
211	FUN_14000e7b0	14000e7b0	3	OK	297542
212	FUN_14000e7c0	14000e7c0	6	OK	297684
213	FUN_14000e7d0	14000e7d0	3	OK	297817
214	FUN_14000e7e0	14000e7e0	3	OK	297950
215	FUN_14000e7f0	14000e7f0	760	OK	302504
216	FUN_14000eaf0	14000eaf0	344	OK	304295
217	FUN_14000ec50	14000ec50	283	OK	305798
218	FUN_14000ed80	14000ed80	830	OK	310488
219	FUN_14000f0d0	14000f0d0	936	OK	314994
220	FUN_14000f480	14000f480	206	OK	316044
221	FUN_14000f560	14000f560	157	OK	317128
222	FUN_14000f610	14000f610	494	OK	320712
223	FUN_14000f810	14000f810	506	OK	324298
224	FUN_14000fa10	14000fa10	105	OK	325224
225	FUN_14000fad0	14000fad0	71	OK	325696
226	FUN_14000fb20	14000fb20	87	OK	326142
227	FUN_14000fb80	14000fb80	250	OK	327666
228	FUN_14000fc80	14000fc80	62	OK	328178
229	FUN_14000fcd0	14000fcd0	62	OK	328690
230	FUN_14000fdc0	14000fdc0	39	OK	329071
231	FUN_14000fdf0	14000fdf0	41	OK	329492
232	FUN_14000fe20	14000fe20	87	OK	330188
233	FUN_14000fe80	14000fe80	84	OK	330859
234	FUN_14000fee0	14000fee0	142	OK	331717
235	FUN_14000ff80	14000ff80	111	OK	332654
236	FUN_140010000	140010000	42	OK	333035
237	FUN_140010030	140010030	211	OK	334311
238	FUN_140010110	140010110	145	OK	335169
239	FUN_1400101b0	1400101b0	274	OK	337195
240	FUN_1400102d0	1400102d0	149	OK	338048
241	FUN_140010370	140010370	149	OK	338901
242	FUN_140010410	140010410	65	OK	339381
243	FUN_140010460	140010460	58	OK	339868
244	FUN_1400104a0	1400104a0	188	OK	340953
245	FUN_140010570	140010570	247	OK	342173
246	FUN_140010670	140010670	109	OK	343226
247	FUN_1400106e0	1400106e0	146	OK	344474
248	FUN_140010780	140010780	1073	OK	351196
249	FUN_140010bc0	140010bc0	654	OK	355157
250	FUN_140010e60	140010e60	183	OK	356136
251	FUN_140010f20	140010f20	854	OK	362794
252	FUN_140011280	140011280	164	OK	363722
253	FUN_140011330	140011330	648	OK	367084
254	FUN_1400115c0	1400115c0	456	OK	369014
255	FUN_140011790	140011790	636	OK	371566
256	FUN_140011a20	140011a20	939	OK	376166
257	FUN_140011de0	140011de0	77	OK	376673
258	FUN_140011e40	140011e40	236	OK	377642
259	FUN_140011f40	140011f40	605	OK	381087
260	FUN_1400121b0	1400121b0	380	OK	382276
261	FUN_140012340	140012340	309	OK	384735
262	FUN_140012480	140012480	523	OK	387778
263	FUN_1400126a0	1400126a0	923	OK	390948
264	FUN_140012a40	140012a40	134	OK	391779
265	FUN_140012ad0	140012ad0	131	OK	392573
266	FUN_140012b60	140012b60	461	OK	394711
267	FUN_140012d40	140012d40	208	OK	396053
268	FUN_140012e20	140012e20	103	OK	396750
269	FUN_140012e90	140012e90	104	OK	397502
270	FUN_140012f00	140012f00	106	OK	397931
271	FUN_140012f70	140012f70	106	OK	398360
272	FUN_140012fe0	140012fe0	50	OK	398696
273	FUN_140013020	140013020	210	OK	399788
274	FUN_140013100	140013100	72	OK	400143
275	FUN_140013150	140013150	122	OK	400582
276	FUN_1400131d0	1400131d0	25	OK	400855
277	FUN_1400131f0	1400131f0	230	OK	401669
278	FUN_1400132e0	1400132e0	255	OK	402492
279	FUN_1400133f0	1400133f0	124	OK	403638
280	FUN_1400134a0	1400134a0	67	OK	404344
281	FUN_1400134f0	1400134f0	84	OK	404932
282	FUN_140013550	140013550	80	OK	405324
283	FUN_1400135b0	1400135b0	115	OK	405766
284	FUN_140013630	140013630	62	OK	406239
285	FUN_140013680	140013680	34	OK	406548
286	FUN_1400136b0	1400136b0	109	OK	406972
287	FUN_140013730	140013730	264	OK	407846
288	FUN_140013840	140013840	197	OK	408678
289	FUN_140013910	140013910	337	OK	410075
290	FUN_140013a70	140013a70	559	OK	412614
291	FUN_140013cb0	140013cb0	136	OK	413183
292	FUN_140013d40	140013d40	85	OK	413670
293	FUN_140013da0	140013da0	274	OK	415025
294	FUN_140013ec0	140013ec0	204	OK	415970
295	thunk_FUN_1400131f0	140013fa0	5	OK	416794
296	FUN_140013fb0	140013fb0	109	OK	417218
297	FUN_140014030	140014030	31	OK	417439
298	FUN_140014060	140014060	14	OK	417675
299	FUN_140014080	140014080	31	OK	417896
300	FUN_1400140a0	1400140a0	97	OK	418447
301	FUN_140014110	140014110	346	OK	419876
302	FUN_140014270	140014270	930	OK	426777
303	FUN_140014620	140014620	63	OK	427222
304	FUN_140014670	140014670	322	OK	428958
305	FUN_1400147c0	1400147c0	457	OK	431027
306	FUN_140014990	140014990	61	OK	431535
307	FUN_1400149e0	1400149e0	57	OK	431974
308	FUN_140014a20	140014a20	57	OK	432536
309	FUN_140014a60	140014a60	38	OK	432791
310	FUN_140014a90	140014a90	38	OK	433046
311	FUN_140014ac0	140014ac0	431	OK	435421
312	FUN_140014c80	140014c80	51	OK	435983
313	FUN_140014cc0	140014cc0	151	OK	436930
314	FUN_140014d60	140014d60	201	OK	437903
315	FUN_140014e30	140014e30	117	OK	438565
316	FUN_140014f20	140014f20	250	OK	439654
317	FUN_140015020	140015020	250	OK	440743
318	FUN_140015120	140015120	156	OK	441359
319	FUN_1400151d0	1400151d0	160	OK	441961
320	FUN_140015280	140015280	40	OK	442312
321	FUN_1400152b0	1400152b0	40	OK	442663
322	FUN_1400152e0	1400152e0	171	OK	443291
323	FUN_1400153a0	1400153a0	138	OK	443874
324	FUN_140015430	140015430	155	OK	444910
325	FUN_1400154d0	1400154d0	371	OK	446728
326	FUN_140015650	140015650	193	OK	447617
327	FUN_140015720	140015720	165	OK	448284
328	FUN_1400157d0	1400157d0	189	OK	449171
329	FUN_1400158a0	1400158a0	245	OK	450277
330	FUN_1400159a0	1400159a0	514	OK	453460
331	FUN_140015bb0	140015bb0	704	OK	460699
332	FUN_140015e80	140015e80	211	OK	462152
333	FUN_140015f60	140015f60	277	OK	463952
334	FUN_140016080	140016080	500	OK	467645
335	FUN_140016280	140016280	481	OK	470974
336	FUN_140016470	140016470	154	OK	471638
337	FUN_140016510	140016510	768	OK	476247
338	FUN_140016820	140016820	250	OK	477548
339	FUN_140016920	140016920	510	OK	480649
340	FUN_140016b20	140016b20	68	OK	481245
341	FUN_140016b70	140016b70	383	OK	483681
342	FUN_140016d00	140016d00	392	OK	485815
343	FUN_140016e90	140016e90	68	OK	486398
344	FUN_140016ee0	140016ee0	54	OK	486690
345	FUN_140016f20	140016f20	103	OK	487244
346	FUN_140016f90	140016f90	430	OK	489823
347	FUN_140017150	140017150	147	OK	490841
348	FUN_1400171f0	1400171f0	149	OK	491826
349	FUN_140017290	140017290	94	OK	492442
350	FUN_140017300	140017300	718	OK	496874
351	FUN_1400175e0	1400175e0	364	OK	498916
352	FUN_140017760	140017760	368	OK	500713
353	FUN_1400178e0	1400178e0	726	OK	504644
354	FUN_140017c70	140017c70	82	OK	505088
355	FUN_140017cd0	140017cd0	367	OK	507120
356	FUN_140017e80	140017e80	193	OK	508273
357	FUN_140017f50	140017f50	69	OK	508569
358	FUN_140017fa0	140017fa0	200	OK	509883
359	FUN_140018070	140018070	110	OK	510455
360	FUN_1400180f0	1400180f0	152	OK	511258
361	FUN_140018190	140018190	554	OK	514399
362	FUN_1400183c0	1400183c0	107	OK	515214
363	FUN_140018440	140018440	549	OK	518211
364	FUN_140018670	140018670	898	OK	525258
365	FUN_140018a50	140018a50	129	OK	526113
366	FUN_140018ae0	140018ae0	400	OK	528697
367	FUN_140018c70	140018c70	557	OK	531188
368	FUN_140018ea0	140018ea0	294	OK	532115
369	FUN_140018fd0	140018fd0	81	OK	532421
370	FUN_140019030	140019030	937	OK	536194
371	FUN_1400193e0	1400193e0	1750	OK	541392
372	FUN_140019ac0	140019ac0	43	OK	541732
373	FUN_140019b00	140019b00	244	OK	542997
374	FUN_140019c00	140019c00	232	OK	544566
375	FUN_140019cf0	140019cf0	84	OK	545168
376	FUN_140019d50	140019d50	203	OK	546674
377	FUN_140019e30	140019e30	53	OK	547097
378	FUN_140019e70	140019e70	237	OK	548706
379	FUN_140019f70	140019f70	168	OK	549546
380	FUN_14001a020	14001a020	241	OK	550994
381	FUN_14001a120	14001a120	401	OK	552897
382	FUN_14001a2c0	14001a2c0	62	OK	553416
383	FUN_14001a310	14001a310	199	OK	554883
384	FUN_14001a3e0	14001a3e0	53	OK	555306
385	FUN_14001a420	14001a420	244	OK	556755
386	FUN_14001a520	14001a520	117	OK	557510
387	FUN_14001a5a0	14001a5a0	317	OK	559977
388	FUN_14001a710	14001a710	202	OK	561384
389	FUN_14001a7e0	14001a7e0	202	OK	562791
390	FUN_14001a8b0	14001a8b0	202	OK	564198
391	FUN_14001a980	14001a980	202	OK	565606
392	FUN_14001aa50	14001aa50	209	OK	566933
393	FUN_14001ab30	14001ab30	121	OK	567573
394	FUN_14001abb0	14001abb0	230	OK	569298
395	FUN_14001aca0	14001aca0	66	OK	569792
396	FUN_14001acf0	14001acf0	324	OK	571900
397	FUN_14001ae40	14001ae40	242	OK	573336
398	FUN_14001af40	14001af40	53	OK	573759
399	FUN_14001af80	14001af80	229	OK	575184
400	FUN_14001b070	14001b070	53	OK	575607
401	FUN_14001b0b0	14001b0b0	66	OK	576101
402	FUN_14001b100	14001b100	53	OK	576524
403	FUN_14001b140	14001b140	53	OK	576947
404	FUN_14001b180	14001b180	169	OK	578004
405	FUN_14001b230	14001b230	53	OK	578427
406	FUN_14001b270	14001b270	80	OK	578995
407	FUN_14001b2d0	14001b2d0	119	OK	579866
408	FUN_14001b350	14001b350	180	OK	580714
409	FUN_14001b410	14001b410	327	OK	582799
410	FUN_14001b560	14001b560	53	OK	583222
411	FUN_14001b5a0	14001b5a0	262	OK	584835
412	FUN_14001b6b0	14001b6b0	53	OK	585258
413	FUN_14001b6f0	14001b6f0	216	OK	586807
414	FUN_14001b7d0	14001b7d0	53	OK	587230
415	FUN_14001b810	14001b810	309	OK	589163
416	FUN_14001b950	14001b950	53	OK	589586
417	FUN_14001b990	14001b990	287	OK	591267
418	FUN_14001bac0	14001bac0	53	OK	591690
419	FUN_14001bb00	14001bb00	240	OK	593337
420	FUN_14001bc00	14001bc00	53	OK	593760
421	FUN_14001bc40	14001bc40	225	OK	595332
422	FUN_14001bd30	14001bd30	53	OK	595755
423	FUN_14001bd70	14001bd70	216	OK	597298
424	FUN_14001be50	14001be50	53	OK	597721
425	FUN_14001be90	14001be90	225	OK	599293
426	FUN_14001bf80	14001bf80	53	OK	599716
427	FUN_14001bfc0	14001bfc0	63	OK	600164
428	FUN_14001c010	14001c010	214	OK	601646
429	FUN_14001c0f0	14001c0f0	53	OK	602069
430	FUN_14001c130	14001c130	212	OK	603633
431	FUN_14001c210	14001c210	53	OK	604056
432	FUN_14001c250	14001c250	209	OK	605384
433	FUN_14001c330	14001c330	53	OK	605807
434	FUN_14001c370	14001c370	245	OK	606922
435	FUN_14001c470	14001c470	225	OK	608435
436	FUN_14001c590	14001c590	112	OK	609017
437	FUN_14001c610	14001c610	225	OK	610216
438	FUN_14001c700	14001c700	85	OK	610679
439	FUN_14001c760	14001c760	225	OK	611879
440	FUN_14001c850	14001c850	321	OK	613619
441	FUN_14001c9a0	14001c9a0	247	OK	614878
442	FUN_14001caa0	14001caa0	245	OK	616119
443	FUN_14001cba0	14001cba0	209	OK	617007
444	FUN_14001cc80	14001cc80	93	OK	617804
445	FUN_14001ccf0	14001ccf0	337	OK	619413
446	FUN_14001ce50	14001ce50	238	OK	620438
447	FUN_14001cf50	14001cf50	213	OK	621525
448	FUN_14001d030	14001d030	304	OK	623101
449	FUN_14001d170	14001d170	291	OK	624528
450	FUN_14001d2a0	14001d2a0	228	OK	625638
451	FUN_14001d390	14001d390	210	OK	626688
452	FUN_14001d470	14001d470	210	OK	627738
453	FUN_14001d550	14001d550	209	OK	628632
454	FUN_14001d630	14001d630	959	OK	634132
455	FUN_14001da00	14001da00	337	OK	635830
456	FUN_14001db60	14001db60	47	OK	636266
457	FUN_14001dba0	14001dba0	230	OK	637197
458	FUN_14001dc90	14001dc90	71	OK	637486
459	FUN_14001dce0	14001dce0	132	OK	638381
460	FUN_14001dd70	14001dd70	124	OK	639147
461	FUN_14001de00	14001de00	81	OK	639703
462	FUN_14001de60	14001de60	13	OK	639916
463	FUN_14001de70	14001de70	214	OK	640936
464	FUN_14001df50	14001df50	72	OK	641236
465	FUN_14001dfa0	14001dfa0	13	OK	641449
466	FUN_14001dfb0	14001dfb0	781	OK	645521
467	FUN_14001e2d0	14001e2d0	243	OK	646380
468	FUN_14001e3d0	14001e3d0	415	OK	648761
469	FUN_14001e580	14001e580	119	OK	649334
470	FUN_14001e600	14001e600	276	OK	650691
471	FUN_14001e720	14001e720	251	OK	652061
472	FUN_14001e830	14001e830	95	OK	652574
473	FUN_14001e8a0	14001e8a0	85	OK	653077
474	FUN_14001e900	14001e900	183	OK	654161
475	FUN_14001e9c0	14001e9c0	394	OK	655753
476	FUN_14001eb50	14001eb50	343	OK	657653
477	FUN_14001ecb0	14001ecb0	585	OK	661720
478	FUN_14001ef00	14001ef00	33	OK	662141
479	FUN_14001ef30	14001ef30	389	OK	664172
480	FUN_14001f0c0	14001f0c0	84	OK	664489
481	FUN_14001f120	14001f120	84	OK	664806
482	FUN_14001f180	14001f180	97	OK	665237
483	FUN_14001f1f0	14001f1f0	358	OK	667251
484	FUN_14001f360	14001f360	179	OK	668369
485	FUN_14001f420	14001f420	318	OK	670195
486	FUN_14001f570	14001f570	91	OK	670774
487	FUN_14001f5e0	14001f5e0	438	OK	672516
488	FUN_14001f7a0	14001f7a0	243	OK	673822
489	FUN_14001f8a0	14001f8a0	227	OK	675054
490	FUN_14001f9f0	14001f9f0	166	OK	675937
491	FUN_14001faa0	14001faa0	152	OK	676724
492	FUN_14001fb40	14001fb40	428	OK	679625
493	FUN_14001fd00	14001fd00	477	OK	682705
494	FUN_14001ff80	14001ff80	176	OK	683738
495	FUN_140020040	140020040	316	OK	685612
496	FUN_140020190	140020190	118	OK	686200
497	FUN_140020210	140020210	80	OK	686769
498	FUN_140020270	140020270	384	OK	688806
499	FUN_140020400	140020400	40	OK	689150
500	FUN_140020430	140020430	15	OK	689368
501	FUN_140020450	140020450	26	OK	689631
502	FUN_140020470	140020470	26	OK	689894
503	FUN_140020490	140020490	26	OK	690157
504	FUN_1400204b0	1400204b0	57	OK	690775
505	FUN_1400204f0	1400204f0	433	OK	693155
506	FUN_1400206b0	1400206b0	363	OK	695056
507	FUN_140020830	140020830	160	OK	695901
508	FUN_1400208e0	1400208e0	128	OK	696550
509	FUN_140020970	140020970	128	OK	697189
510	FUN_140020a00	140020a00	110	OK	698024
511	FUN_140020a80	140020a80	157	OK	699055
512	FUN_140020b30	140020b30	180	OK	700205
513	FUN_140020bf0	140020bf0	190	OK	701105
514	FUN_140020cc0	140020cc0	117	OK	701612
515	FUN_140020d40	140020d40	189	OK	702617
516	FUN_140020e10	140020e10	542	OK	705728
517	FUN_140021040	140021040	94	OK	706329
518	FUN_1400210b0	1400210b0	37	OK	706640
519	FUN_1400210e0	1400210e0	199	OK	707855
520	FUN_1400211b0	1400211b0	262	OK	709321
521	FUN_1400212c0	1400212c0	132	OK	710375
522	FUN_140021350	140021350	207	OK	711689
523	FUN_140021420	140021420	213	OK	712870
524	FUN_140021500	140021500	237	OK	714267
525	FUN_140021600	140021600	53	OK	714616
526	FUN_140021640	140021640	315	OK	716314
527	FUN_140021790	140021790	526	OK	719230
528	FUN_1400219b0	1400219b0	435	OK	721047
529	FUN_140021b70	140021b70	231	OK	721984
530	FUN_140021c60	140021c60	231	OK	722921
531	FUN_140021d50	140021d50	298	OK	724027
532	FUN_140021e80	140021e80	632	OK	727116
533	FUN_140022100	140022100	1209	OK	733827
534	FUN_1400225c0	1400225c0	237	OK	734789
535	FUN_1400226b0	1400226b0	221	OK	735571
536	FUN_1400227a0	1400227a0	337	OK	736812
537	FUN_140022900	140022900	236	OK	737665
538	FUN_140022a00	140022a00	145	OK	738350
539	FUN_140022aa0	140022aa0	140	OK	739147
540	FUN_140022b40	140022b40	131	OK	739820
541	FUN_140022bd0	140022bd0	143	OK	740614
542	FUN_140022c70	140022c70	137	OK	741287
543	FUN_140022d00	140022d00	128	OK	741794
544	FUN_140022d90	140022d90	73	OK	742199
545	FUN_140022de0	140022de0	134	OK	742710
546	FUN_140022e70	140022e70	76	OK	743115
547	FUN_140022ec0	140022ec0	356	OK	745320
548	FUN_140023030	140023030	404	OK	747179
549	FUN_1400231d0	1400231d0	229	OK	748205
550	FUN_1400232c0	1400232c0	810	OK	752678
551	FUN_1400235f0	1400235f0	125	OK	753458
552	FUN_140023680	140023680	235	OK	754894
553	FUN_140023780	140023780	303	OK	757129
554	FUN_1400238f0	1400238f0	73	OK	757710
555	FUN_140023940	140023940	652	OK	761765
556	FUN_140023be0	140023be0	66	OK	762342
557	FUN_140023c30	140023c30	316	OK	764481
558	FUN_140023d80	140023d80	506	OK	767738
559	FUN_140023f80	140023f80	109	OK	768291
560	FUN_140023ff0	140023ff0	413	OK	769872
561	FUN_140024200	140024200	278	OK	771274
562	FUN_140024390	140024390	185	OK	772468
563	FUN_140024450	140024450	118	OK	773064
564	FUN_1400244d0	1400244d0	70	OK	773367
565	FUN_140024520	140024520	86	OK	773750
566	FUN_140024580	140024580	248	OK	774782
567	FUN_140024680	140024680	191	OK	775934
568	FUN_140024750	140024750	70	OK	776237
569	FUN_1400247a0	1400247a0	214	OK	777271
570	FUN_140024880	140024880	124	OK	777964
571	FUN_140024910	140024910	195	OK	779158
572	FUN_1400249e0	1400249e0	381	OK	781289
573	FUN_140024b70	140024b70	28	OK	781585
574	FUN_140024ba0	140024ba0	108	OK	782053
575	FUN_140024c20	140024c20	143	OK	782897
576	FUN_140024cc0	140024cc0	64	OK	783425
577	FUN_140024d10	140024d10	25	OK	783842
578	FUN_140024d30	140024d30	159	OK	784690
579	FUN_140024de0	140024de0	265	OK	785980
580	FUN_140024ef0	140024ef0	37	OK	786347
581	FUN_140024f20	140024f20	113	OK	787188
582	FUN_140024fa0	140024fa0	19	OK	787393
583	FUN_140024fc0	140024fc0	19	OK	787598
584	FUN_140024fe0	140024fe0	173	OK	788564
585	FUN_1400250a0	1400250a0	196	OK	790091
586	FUN_140025170	140025170	173	OK	791568
587	FUN_140025220	140025220	129	OK	792867
588	FUN_1400252b0	1400252b0	1027	OK	799567
589	FUN_1400256f0	1400256f0	452	OK	801890
590	FUN_1400258c0	1400258c0	225	OK	803155
591	FUN_1400259b0	1400259b0	838	OK	807480
592	FUN_140025d00	140025d00	338	OK	809263
593	FUN_140025e60	140025e60	772	OK	813435
594	FUN_140026170	140026170	136	OK	814300
595	FUN_140026200	140026200	499	OK	816949
596	FUN_140026400	140026400	113	OK	817612
597	FUN_140026480	140026480	118	OK	818208
598	FUN_140026500	140026500	70	OK	818511
599	FUN_140026550	140026550	229	OK	819448
600	FUN_140026640	140026640	149	OK	820346
601	FUN_1400266e0	1400266e0	70	OK	820649
602	FUN_140026730	140026730	157	OK	821859
603	FUN_1400267e0	1400267e0	86	OK	822242
604	FUN_140026840	140026840	141	OK	823163
605	FUN_1400268e0	1400268e0	167	OK	824051
606	FUN_140026990	140026990	455	OK	826673
607	FUN_140026b60	140026b60	54	OK	827136
608	FUN_140026ba0	140026ba0	54	OK	827599
609	FUN_140026be0	140026be0	3	OK	827724
610	FUN_140026bf0	140026bf0	137	OK	828573
611	FUN_140026c80	140026c80	169	OK	829192
612	FUN_140026d30	140026d30	660	OK	833267
613	FUN_140026fd0	140026fd0	266	OK	835095
614	FUN_1400270e0	1400270e0	827	OK	839458
615	FUN_140027430	140027430	157	OK	840388
616	FUN_1400274e0	1400274e0	456	OK	843258
617	FUN_1400276b0	1400276b0	235	OK	844524
618	FUN_140027800	140027800	256	OK	845939
619	FUN_140027910	140027910	182	OK	846963
620	FUN_1400279d0	1400279d0	182	OK	847987
621	FUN_140027a90	140027a90	137	OK	848773
622	FUN_140027b20	140027b20	182	OK	849817
623	FUN_140027be0	140027be0	39	OK	850198
624	FUN_140027c10	140027c10	53	OK	850666
625	FUN_140027c50	140027c50	126	OK	851285
626	FUN_140027ce0	140027ce0	126	OK	851906
627	FUN_140027d70	140027d70	110	OK	852480
628	FUN_140027df0	140027df0	110	OK	853050
629	FUN_140027e70	140027e70	117	OK	853694
630	FUN_140027ef0	140027ef0	106	OK	854240
631	FUN_140027f60	140027f60	106	OK	854786
632	FUN_140027fd0	140027fd0	138	OK	855649
633	FUN_140028060	140028060	411	OK	857719
634	FUN_140028210	140028210	369	OK	859630
635	FUN_140028390	140028390	213	OK	861140
636	FUN_140028470	140028470	200	OK	862458
637	FUN_140028540	140028540	774	OK	867116
638	FUN_140028850	140028850	133	OK	867817
639	FUN_1400288e0	1400288e0	882	OK	871792
640	FUN_140028c60	140028c60	139	OK	872457
641	FUN_140028d00	140028d00	64	OK	872866
642	FUN_140028d40	140028d40	852	OK	877278
643	FUN_1400290a0	1400290a0	552	OK	879848
644	FUN_1400292d0	1400292d0	820	OK	883088
645	FUN_140029610	140029610	106	OK	883581
646	FUN_140029680	140029680	87	OK	884159
647	FUN_1400296e0	1400296e0	70	OK	884617
648	FUN_140029730	140029730	109	OK	885208
649	FUN_1400297b0	1400297b0	3	OK	885341
650	FUN_1400297c0	1400297c0	47	OK	885777
651	FUN_140029820	140029820	115	OK	886305
652	FUN_1400298a0	1400298a0	199	OK	887140
653	FUN_140029970	140029970	187	OK	887927
654	FUN_140029a40	140029a40	239	OK	888913
655	FUN_140029b40	140029b40	305	OK	890118
656	FUN_140029c80	140029c80	182	OK	890852
657	FUN_140029d50	140029d50	16	OK	891024
658	FUN_140029d70	140029d70	58	OK	891380
659	FUN_140029de0	140029de0	3	OK	891513
660	FUN_140029df0	140029df0	420	OK	893515
661	FUN_140029fa0	140029fa0	100	OK	894062
662	FUN_14002a040	14002a040	199	OK	894897
663	FUN_14002a110	14002a110	220	OK	895592
664	FUN_14002a200	14002a200	190	OK	896207
665	FUN_14002a2d0	14002a2d0	367	OK	897502
666	FUN_14002a450	14002a450	143	OK	898090
667	FUN_14002a4f0	14002a4f0	122	OK	898612
668	FUN_14002a570	14002a570	218	OK	899659
669	FUN_14002a650	14002a650	103	OK	900065
670	FUN_14002a6c0	14002a6c0	302	OK	901460
671	FUN_14002a800	14002a800	388	OK	903153
672	FUN_14002a990	14002a990	434	OK	905283
673	FUN_14002ab50	14002ab50	344	OK	906748
674	FUN_14002acb0	14002acb0	174	OK	907461
675	FUN_14002ad70	14002ad70	168	OK	908172
676	FUN_14002ae20	14002ae20	168	OK	908883
677	FUN_14002aed0	14002aed0	168	OK	909594
678	FUN_14002af80	14002af80	168	OK	910305
679	FUN_14002b030	14002b030	190	OK	911351
680	FUN_14002b1f0	14002b1f0	426	OK	913850
681	FUN_14002b3a0	14002b3a0	924	OK	915838
682	FUN_14002b750	14002b750	229	OK	916494
683	FUN_14002b840	14002b840	543	OK	918528
684	FUN_14002ba70	14002ba70	206	OK	919519
685	FUN_14002bb50	14002bb50	310	OK	921079
686	FUN_14002bc90	14002bc90	528	OK	923287
687	FUN_14002beb0	14002beb0	504	OK	924712
688	FUN_14002c0b0	14002c0b0	154	OK	925207
689	FUN_14002c150	14002c150	129	OK	925708
690	FUN_14002c1e0	14002c1e0	321	OK	926411
691	FUN_14002c330	14002c330	443	OK	927982
692	FUN_14002c500	14002c500	299	OK	929209
693	FUN_14002c640	14002c640	788	OK	931741
694	FUN_14002c960	14002c960	46	OK	931966
695	FUN_14002c9a0	14002c9a0	631	OK	933900
696	FUN_14002cc20	14002cc20	359	OK	935132
697	FUN_14002cd90	14002cd90	434	OK	936362
698	FUN_14002cf50	14002cf50	580	OK	939977
699	FUN_14002d1a0	14002d1a0	934	OK	943733
700	FUN_14002d550	14002d550	458	OK	946199
701	FUN_14002d720	14002d720	428	OK	947976
702	FUN_14002d8e0	14002d8e0	46	OK	948253
703	FUN_14002d920	14002d920	41	OK	948532
704	FUN_14002d950	14002d950	829	OK	952909
705	FUN_14002dca0	14002dca0	491	OK	955083
706	FUN_14002dea0	14002dea0	97	OK	955525
707	FUN_14002df10	14002df10	55	OK	955889
708	FUN_14002df50	14002df50	241	OK	956922
709	FUN_14002e050	14002e050	190	OK	957644
710	FUN_14002e110	14002e110	781	OK	962159
711	FUN_14002e420	14002e420	13	OK	962515
712	FUN_14002e430	14002e430	11	OK	962729
713	FUN_14002e440	14002e440	57	OK	963078
714	FUN_14002e480	14002e480	20	OK	963409
715	FUN_14002e4a0	14002e4a0	16	OK	963701
716	FUN_14002e4b0	14002e4b0	61	OK	964443
717	FUN_14002e4f0	14002e4f0	69	OK	965259
718	FUN_14002e540	14002e540	69	OK	966075
719	FUN_14002e590	14002e590	86	OK	967019
720	FUN_14002e5f0	14002e5f0	242	OK	968514
721	FUN_14002e6f0	14002e6f0	119	OK	969334
722	FUN_14002e770	14002e770	11	OK	969574
723	FUN_14002e780	14002e780	40	OK	970048
724	FUN_14002e7b0	14002e7b0	24	OK	970434
725	FUN_14002e7d0	14002e7d0	274	OK	971490
726	FUN_14002e8f0	14002e8f0	115	OK	972034
727	FUN_14002e970	14002e970	292	OK	973567
728	FUN_14002eaa0	14002eaa0	233	OK	974775
729	FUN_14002eb90	14002eb90	339	OK	976580
730	FUN_14002ecf0	14002ecf0	320	OK	978208
731	FUN_14002ee40	14002ee40	415	OK	980526
732	FUN_14002eff0	14002eff0	506	OK	983276
733	FUN_14002f1f0	14002f1f0	195	OK	984283
734	FUN_14002f2c0	14002f2c0	261	OK	985522
735	FUN_14002f3d0	14002f3d0	240	OK	986762
736	FUN_14002f4d0	14002f4d0	14	OK	986998
737	FUN_14002f4f0	14002f4f0	14	OK	987234
738	FUN_14002f510	14002f510	151	OK	988405
739	FUN_14002f5b0	14002f5b0	90	OK	988748
740	FUN_14002f610	14002f610	75	OK	989078
741	FUN_14002f6e0	14002f6e0	306	OK	990503
742	FUN_14002f820	14002f820	901	OK	995161
743	FUN_14002fbb0	14002fbb0	599	OK	998850
744	FUN_14002fe10	14002fe10	327	OK	1000283
745	FUN_14002ff60	14002ff60	79	OK	1000926
746	FUN_14002ffc0	14002ffc0	468	OK	1003681
747	FUN_1400301a0	1400301a0	125	OK	1004384
748	FUN_140030230	140030230	30	OK	1004730
749	FUN_140030260	140030260	389	OK	1007104
750	FUN_1400303f0	1400303f0	244	OK	1008312
751	FUN_140030540	140030540	471	OK	1011005
752	FUN_140030720	140030720	1215	OK	1016438
753	FUN_140030bf0	140030bf0	539	OK	1019310
754	FUN_140030e20	140030e20	394	OK	1021540
755	FUN_140030fb0	140030fb0	41	OK	1021911
756	FUN_140030ff0	140030ff0	1015	OK	1028098
757	FUN_1400313f0	1400313f0	238	OK	1029452
758	FUN_1400314f0	1400314f0	260	OK	1031057
759	FUN_140031600	140031600	251	OK	1032420
760	FUN_140031710	140031710	71	OK	1032863
761	FUN_140031760	140031760	68	OK	1033378
762	FUN_1400317b0	1400317b0	81	OK	1033960
763	FUN_140031810	140031810	16	OK	1034219
764	FUN_140031830	140031830	183	OK	1035170
765	FUN_1400318f0	1400318f0	146	OK	1035967
766	FUN_140031990	140031990	1621	OK	1042924
767	FUN_140031ff0	140031ff0	198	OK	1043867
768	FUN_1400320c0	1400320c0	276	OK	1045282
769	FUN_1400321e0	1400321e0	3	OK	1045415
770	FUN_1400321f0	1400321f0	348	OK	1047064
771	FUN_140032360	140032360	79	OK	1047438
772	FUN_140032470	140032470	86	OK	1047925
773	FUN_1400324d0	1400324d0	459	OK	1050331
774	FUN_1400326b0	1400326b0	100	OK	1050945
775	FUN_140032720	140032720	562	OK	1054093
776	FUN_140032960	140032960	758	OK	1058731
777	FUN_140032c60	140032c60	24	OK	1058931
778	FUN_140032c80	140032c80	12	OK	1059113
779	FUN_140032ca0	140032ca0	576	OK	1062389
780	FUN_140032ef0	140032ef0	272	OK	1063806
781	FUN_140033000	140033000	1224	OK	1069888
782	FUN_1400334d0	1400334d0	408	OK	1071716
783	FUN_140033670	140033670	916	OK	1076167
784	FUN_140033a10	140033a10	77	OK	1076613
785	FUN_140033a70	140033a70	158	OK	1077393
786	FUN_140033b20	140033b20	35	OK	1077648
787	FUN_140033b50	140033b50	112	OK	1078228
788	FUN_140033e20	140033e20	250	OK	1079524
789	FUN_140033f20	140033f20	206	OK	1080865
790	FUN_140034000	140034000	1741	OK	1090041
791	FUN_1400346e0	1400346e0	140	OK	1090956
792	FUN_140034790	140034790	896	OK	1096047
793	FUN_140034b20	140034b20	253	OK	1097258
794	FUN_140034c30	140034c30	139	OK	1098198
795	FUN_140034cd0	140034cd0	44	OK	1098614
796	FUN_140034d10	140034d10	391	OK	1100686
797	FUN_140034ea0	140034ea0	129	OK	1101253
798	FUN_140034f30	140034f30	352	OK	1102951
799	FUN_1400350a0	1400350a0	297	OK	1104027
800	FUN_1400351d0	1400351d0	1547	OK	1112380
801	FUN_1400357f0	1400357f0	457	OK	1114962
802	FUN_1400359c0	1400359c0	229	OK	1116015
803	FUN_140035ab0	140035ab0	100	OK	1116826
804	FUN_140035b20	140035b20	293	OK	1118573
805	FUN_140035c50	140035c50	722	OK	1122647
806	FUN_140035f70	140035f70	149	OK	1123397
807	FUN_140036010	140036010	147	OK	1124151
808	FUN_1400360b0	1400360b0	97	OK	1124650
809	FUN_140036120	140036120	619	OK	1127202
810	FUN_1400363a0	1400363a0	59	OK	1127551
811	FUN_1400363f0	1400363f0	183	OK	1128630
812	FUN_1400364b0	1400364b0	115	OK	1129126
813	FUN_140036530	140036530	193	OK	1130282
814	FUN_140036600	140036600	32	OK	1130569
815	FUN_140036630	140036630	195	OK	1131686
816	FUN_140036700	140036700	226	OK	1132718
817	FUN_140036830	140036830	315	OK	1134095
818	FUN_140036980	140036980	312	OK	1135616
819	FUN_140036ac0	140036ac0	570	OK	1138522
820	FUN_140036d00	140036d00	413	OK	1140357
821	FUN_140036eb0	140036eb0	265	OK	1141334
822	FUN_140036ff0	140036ff0	234	OK	1142898
823	FUN_1400370e0	1400370e0	141	OK	1143546
824	FUN_140037180	140037180	192	OK	1144342
825	FUN_140037250	140037250	518	OK	1146909
826	FUN_140037460	140037460	138	OK	1147796
827	FUN_1400374f0	1400374f0	890	OK	1152939
828	FUN_1400378b0	1400378b0	3	OK	1153072
829	FUN_1400378c0	1400378c0	99	OK	1153768
830	FUN_140037930	140037930	87	OK	1154281
831	FUN_140037990	140037990	191	OK	1154844
832	FUN_140037a50	140037a50	96	OK	1155420
833	FUN_140037ac0	140037ac0	147	OK	1155958
834	FUN_140037b60	140037b60	381	OK	1157911
835	FUN_140037ce0	140037ce0	505	OK	1162123
836	FUN_140037ee0	140037ee0	341	OK	1164114
837	FUN_140038040	140038040	468	OK	1167052
838	FUN_140038220	140038220	485	OK	1169371
839	FUN_140038410	140038410	215	OK	1170018
840	FUN_1400384f0	1400384f0	389	OK	1172375
841	FUN_140038680	140038680	152	OK	1173031
842	FUN_140038720	140038720	1282	OK	1181980
843	FUN_140038c30	140038c30	30	OK	1182448
844	FUN_140038c60	140038c60	12	OK	1182661
845	FUN_140038c70	140038c70	77	OK	1183298
846	FUN_140038cc0	140038cc0	245	OK	1184514
847	FUN_140038dc0	140038dc0	208	OK	1185558
848	FUN_140038ea0	140038ea0	74	OK	1185899
849	FUN_140038ef0	140038ef0	50	OK	1186147
850	FUN_140038f30	140038f30	25	OK	1186410
851	FUN_140038f50	140038f50	1067	OK	1191956
852	FUN_140039390	140039390	82	OK	1192366
853	FUN_1400393f0	1400393f0	56	OK	1192633
854	FUN_140039430	140039430	140	OK	1193464
855	FUN_1400394d0	1400394d0	44	OK	1193856
856	FUN_140039510	140039510	215	OK	1195217
857	FUN_1400395f0	1400395f0	90	OK	1195977
858	FUN_140039650	140039650	166	OK	1196891
859	FUN_140039700	140039700	242	OK	1198400
860	FUN_140039800	140039800	28	OK	1198683
861	FUN_140039830	140039830	164	OK	1199734
862	FUN_1400398f0	1400398f0	599	OK	1202875
863	FUN_140039b50	140039b50	482	OK	1205120
864	FUN_140039e00	140039e00	1452	OK	1211649
865	FUN_14003a3c0	14003a3c0	970	OK	1218727
866	FUN_14003a840	14003a840	164	OK	1219667
867	FUN_14003a8f0	14003a8f0	341	OK	1221793
868	FUN_14003aa50	14003aa50	602	OK	1225421
869	FUN_14003acb0	14003acb0	480	OK	1228413
870	FUN_14003aea0	14003aea0	488	OK	1231470
871	FUN_14003b0a0	14003b0a0	66	OK	1231806
872	FUN_14003b0f0	14003b0f0	588	OK	1236252
873	FUN_14003b340	14003b340	176	OK	1237180
874	FUN_14003b400	14003b400	162	OK	1237957
875	FUN_14003b4b0	14003b4b0	177	OK	1238907
876	FUN_14003b570	14003b570	173	OK	1239795
877	FUN_14003b630	14003b630	162	OK	1240575
878	FUN_14003b6e0	14003b6e0	177	OK	1241444
879	FUN_14003b7a0	14003b7a0	236	OK	1242459
880	FUN_14003b890	14003b890	700	OK	1245846
881	FUN_14003bb60	14003bb60	932	OK	1251048
882	FUN_14003bf10	14003bf10	343	OK	1253413
883	FUN_14003c070	14003c070	375	OK	1255788
884	FUN_14003c1f0	14003c1f0	185	OK	1256723
885	FUN_14003c2b0	14003c2b0	230	OK	1257883
886	FUN_14003c3a0	14003c3a0	92	OK	1258492
887	FUN_14003c400	14003c400	165	OK	1259419
888	FUN_14003c4b0	14003c4b0	145	OK	1260270
889	FUN_14003c550	14003c550	53	OK	1260576
890	FUN_14003c590	14003c590	71	OK	1260979
891	FUN_14003c5e0	14003c5e0	145	OK	1261714
892	FUN_14003c680	14003c680	70	OK	1262057
893	FUN_14003c6d0	14003c6d0	111	OK	1262581
894	FUN_14003c770	14003c770	73	OK	1262913
895	FUN_14003c7c0	14003c7c0	50	OK	1263271
896	FUN_14003c800	14003c800	19	OK	1263476
897	FUN_14003c820	14003c820	68	OK	1264004
898	FUN_14003c870	14003c870	133	OK	1264492
899	FUN_14003c900	14003c900	32	OK	1264707
900	FUN_14003c930	14003c930	27	OK	1265187
901	FUN_14003c970	14003c970	52	OK	1265492
902	FUN_14003c9b0	14003c9b0	141	OK	1266252
903	FUN_14003ca50	14003ca50	70	OK	1266595
904	FUN_14003caa0	14003caa0	131	OK	1267219
905	FUN_14003cb30	14003cb30	45	OK	1267485
906	FUN_14003cb70	14003cb70	81	OK	1268008
907	FUN_14003cbe0	14003cbe0	111	OK	1268402
908	FUN_14003cc80	14003cc80	33	OK	1268775
909	FUN_14003cdc0	14003cdc0	121	OK	1269409
910	FUN_14003ce40	14003ce40	52	OK	1269756
911	FUN_14003cea0	14003cea0	337	OK	1271301
912	FUN_14003d000	14003d000	165	OK	1272128
913	FUN_14003d0b0	14003d0b0	8	OK	1272304
914	FUN_14003d0f0	14003d0f0	91	OK	1272852
915	FUN_14003d1c0	14003d1c0	151	OK	1273542
916	FUN_14003d360	14003d360	62	OK	1273888
917	FUN_14003d3b0	14003d3b0	62	OK	1274234
918	FUN_14003d5b0	14003d5b0	43	OK	1274482
919	FUN_14003d630	14003d630	114	OK	1275136
920	FUN_14003d7f0	14003d7f0	56	OK	1275417
921	FUN_14003d840	14003d840	124	OK	1276037
922	FUN_14003d8d0	14003d8d0	15	OK	1276254
923	FUN_14003d930	14003d930	12	OK	1276470
924	FUN_14003d980	14003d980	6	OK	1276607
925	FUN_14003d9f0	14003d9f0	56	OK	1276902
926	FUN_14003da30	14003da30	56	OK	1277197
927	FUN_14003dba0	14003dba0	43	OK	1277445
928	FUN_14003ddd0	14003ddd0	71	OK	1277876
929	thunk_FUN_140057600	14003e0d0	5	OK	1284593
930	FUN_14003e0e0	14003e0e0	173	OK	1285480
931	FUN_14003e240	14003e240	3	OK	1285605
932	FUN_14003e2a0	14003e2a0	19	OK	1285818
933	FUN_14003e350	14003e350	5	OK	1285974
934	FUN_14003e3c0	14003e3c0	7	OK	1286150
935	FUN_14003e3f0	14003e3f0	18	OK	1286397
936	FUN_14003e410	14003e410	9	OK	1286569
937	FUN_14003e430	14003e430	5	OK	1286744
938	FUN_14003e530	14003e530	16	OK	1287054
939	FUN_14003e550	14003e550	4	OK	1287255
940	FUN_14003e570	14003e570	713	OK	1291423
941	FUN_14003e840	14003e840	319	OK	1293342
942	FUN_14003e980	14003e980	19	OK	1293539
943	FUN_14003e9d0	14003e9d0	1323	OK	1301692
944	FUN_14003ef00	14003ef00	136	OK	1302461
945	FUN_14003ef90	14003ef90	52	OK	1302748
946	FUN_14003efd0	14003efd0	47	OK	1303268
947	FUN_14003f070	14003f070	39	OK	1303641
948	FUN_14003f1a0	14003f1a0	45	OK	1304058
949	FUN_14003f1e0	14003f1e0	50	OK	1304460
950	FUN_14003f2d0	14003f2d0	328	OK	1307558
951	FUN_14003f440	14003f440	59	OK	1308093
952	FUN_14003f710	14003f710	47	OK	1308449
953	FUN_14003f740	14003f740	27	OK	1308674
954	FUN_14003f800	14003f800	717	OK	1316610
955	FUN_14003fb20	14003fb20	531	OK	1319630
956	FUN_14003fd40	14003fd40	15664	OK	1438716
957	FUN_140043af0	140043af0	223	OK	1439780
958	DlpGetIoctlCode	140043bd0	130	OK	1440563
959	FUN_140043c60	140043c60	172	OK	1442486
960	FUN_140043d10	140043d10	302	OK	1443765
961	DlpUnloadDxgkrnl	140043e40	87	OK	1444278
962	FUN_140043e98	140043e98	486	OK	1446316
963	BCryptOpenAlgorithmProvider	14004407f	6	OK	1446856
964	BCryptGetProperty	140044085	6	OK	1447398
965	BCryptCloseAlgorithmProvider	14004408b	6	OK	1447857
966	BCryptCreateHash	140044091	6	OK	1448445
967	BCryptHashData	140044097	6	OK	1448898
968	BCryptFinishHash	14004409d	6	OK	1449361
969	BCryptDestroyHash	1400440a3	6	OK	1449756
970	memcpy_s	1400440ac	139	OK	1450569
971	__GSHandlerCheck	140044138	29	OK	1450924
972	__GSHandlerCheckCommon	140044158	95	OK	1451557
973	strncmp	1400441c0	6	OK	1451940
974	__C_specific_handler	1400441c6	6	OK	1452613
975	_vsnwprintf	1400441cc	6	OK	1453032
976	strnlen	1400441d2	6	OK	1453401
977	__GSHandlerCheck_SEH	1400441d8	133	OK	1454066
978	sprintf	14004425e	6	OK	1454430
979	vsprintf_s	140044264	6	OK	1454862
980	wcscpy_s	14004426a	6	OK	1455265
981	wcsrchr	140044270	6	OK	1455634
982	strncpy_s	140044276	6	OK	1456062
983	strstr	14004427c	6	OK	1456425
984	_purecall	140044290	6	OK	1456720
985	_guard_check_icall	1400442a0	3	OK	1456855
986	FUN_1400442b0	1400442b0	155	OK	1457784
987	FUN_140044350	140044350	2752	OK	1468659
988	iswalpha	140044f04	19	OK	1468931
989	FID_conflict:fallbackMethod	140044f18	158	OK	1470244
990	FUN_140044fc0	140044fc0	272	OK	1471105
991	iswctype	1400450d4	33	OK	1471445
992	FUN_1400450f8	1400450f8	114	OK	1471802
993	_exception_enabled	14004516c	186	OK	1472844
994	FUN_140045228	140045228	306	OK	1474194
995	FUN_140045360	140045360	183	OK	1475162
996	FUN_140045418	140045418	39	OK	1475461
997	FUN_140045440	140045440	650	OK	1479043
998	_clrfp	1400456cc	29	OK	1479300
999	FUN_1400456ec	1400456ec	99	OK	1479710
1000	_set_statfp	14004576c	32	OK	1480020
1001	FUN_140045790	140045790	17	OK	1480200
1002	FUN_1400457a4	1400457a4	3	OK	1480334
1003	_get_fpsr	1400457c0	16	OK	1480561
1004	FUN_1400457d0	1400457d0	10	OK	1480721
1005	_fclrf	1400457e0	20	OK	1480944
1006	FUN_140045820	140045820	8	OK	1481177
1007	FUN_140045828	140045828	7	OK	1481557
1008	RtlRaiseException	14004582f	6	OK	1481877
1009	_guard_dispatch_icall	140045850	2	OK	1482293
1010	_guard_dispatch_icall	140045870	6	OK	1482776
1011	__security_check_cookie	140045890	30	OK	1483106
1012	FUN_1400458c0	1400458c0	236	OK	1486576
1013	FUN_140045a00	140045a00	67	OK	1490531
1014	FUN_140045a80	140045a80	38	OK	1490714
1015	FUN_140045ac0	140045ac0	537	OK	1500262
1016	_ctrlfp$filt$0	140052b10	45	OK	1500669
1017	FUN_140053000	140053000	227	OK	1501690
1018	FUN_1400530f0	1400530f0	478	OK	1505807
1019	FUN_1400532d0	1400532d0	119	OK	1506295
1020	FUN_140053350	140053350	151	OK	1506895
1021	FUN_1400533f0	1400533f0	154	OK	1507709
1022	FUN_140053490	140053490	45	OK	1508088
1023	FUN_1400534c0	1400534c0	478	OK	1509936
1024	FUN_1400536a0	1400536a0	3	OK	1510070
1025	FUN_1400536b0	1400536b0	255	OK	1511603
1026	FUN_1400537d0	1400537d0	348	OK	1514130
1027	FUN_140053940	140053940	222	OK	1515448
1028	FUN_140053a20	140053a20	125	OK	1516316
1029	FUN_140053ae0	140053ae0	1255	OK	1522297
1030	FUN_140054030	140054030	1107	OK	1527718
1031	FUN_140054490	140054490	802	OK	1531470
1032	FUN_1400547c0	1400547c0	1581	OK	1539205
1033	FUN_140054e00	140054e00	524	OK	1542193
1034	FUN_140055050	140055050	3	OK	1542327
1035	FUN_140055060	140055060	1025	OK	1550042
1036	FUN_1400554a0	1400554a0	404	OK	1553030
1037	FUN_140055660	140055660	446	OK	1555407
1038	FUN_140055850	140055850	261	OK	1556734
1039	FUN_140055960	140055960	255	OK	1558045
1040	FUN_140055a70	140055a70	287	OK	1559415
1041	FUN_140055ba0	140055ba0	199	OK	1560457
1042	FUN_140055c70	140055c70	643	OK	1565497
1043	FUN_140055f00	140055f00	3128	OK	1584705
1044	FUN_140056bd0	140056bd0	1618	OK	1594686
1045	FUN_140057230	140057230	3	OK	1594820
1046	FUN_140057280	140057280	96	OK	1595342
1047	FUN_1400572f0	1400572f0	157	OK	1596088
1048	FUN_140057480	140057480	67	OK	1596664
1049	FUN_1400574d0	1400574d0	23	OK	1596831
1050	FUN_140057520	140057520	64	OK	1597132
1051	FUN_140057570	140057570	64	OK	1597433
1052	FUN_1400575c0	1400575c0	64	OK	1597734
1053	FUN_140057600	140057600	873	OK	1604392
1054	FUN_1400579b0	1400579b0	226	OK	1605772
1055	FUN_140057b20	140057b20	35	OK	1606294
1056	FUN_140057b50	140057b50	255	OK	1607743
1057	FUN_140057c50	140057c50	142	OK	1608414
1058	FUN_140057cf0	140057cf0	82	OK	1608889
1059	FUN_140057d50	140057d50	78	OK	1609370
1060	FUN_140057da0	140057da0	67	OK	1609747
1061	FUN_140057df0	140057df0	67	OK	1610124
1062	FUN_140057e40	140057e40	67	OK	1610495
1063	FUN_140057e90	140057e90	3	OK	1610629
1064	FUN_140057ea0	140057ea0	3	OK	1610755
1065	FUN_140057eb0	140057eb0	8	OK	1610940
1066	FUN_140057ec0	140057ec0	41	OK	1611352
1067	FUN_140057ef0	140057ef0	27	OK	1611682
1068	FUN_140057f10	140057f10	27	OK	1612012
1069	FUN_140057f30	140057f30	31	OK	1612357
1070	FUN_140057f50	140057f50	18	OK	1612597
1071	FUN_140057f90	140057f90	65	OK	1613059
1072	FUN_140057fe0	140057fe0	97	OK	1613718
1073	FUN_140058050	140058050	47	OK	1614048
1074	FUN_140058080	140058080	19830	OK	1714961
1075	FUN_14005ce00	14005ce00	67	OK	1715332
1076	FUN_14005ce50	14005ce50	1045	OK	1725463
1077	FUN_14005d2c0	14005d2c0	530	OK	1728229
1078	FUN_14005d4e0	14005d4e0	84	OK	1728826
1079	FUN_14005d540	14005d540	1537	OK	1743516
1080	FUN_14005db50	14005db50	271	OK	1746473
1081	FUN_14005dc70	14005dc70	717	OK	1754410
1082	FUN_14005df90	14005df90	1185	OK	1760535
1083	FUN_14005e4a0	14005e4a0	803	OK	1764543
1084	FUN_14005e7d0	14005e7d0	124	OK	1765383
1085	FUN_14005e860	14005e860	106	OK	1766116
1086	FUN_14005e8d0	14005e8d0	138	OK	1766830
1087	FUN_14005e960	14005e960	264	OK	1768406
1088	FUN_14005eab0	14005eab0	432	OK	1770460
1089	FUN_14005ec70	14005ec70	496	OK	1773095
1090	FUN_14005ee70	14005ee70	673	OK	1776545
1091	FUN_14005f120	14005f120	1027	OK	1781462
1092	FUN_14005f540	14005f540	816	OK	1785680
1093	FUN_14005f880	14005f880	290	OK	1787165
1094	FUN_14005f9b0	14005f9b0	396	OK	1789499
1095	FUN_14005fb60	14005fb60	3	OK	1789633
1096	FUN_14005fb70	14005fb70	7397	OK	1825109
1097	FUN_140061860	140061860	454	OK	1827659
1098	FUN_140061a40	140061a40	412	OK	1829764
1099	FUN_140061bf0	140061bf0	381	OK	1831693
1100	FUN_140061d80	140061d80	685	OK	1835165
1101	FUN_140062040	140062040	593	OK	1838524
1102	FUN_1400622a0	1400622a0	231	OK	1839755
1103	FUN_140062390	140062390	315	OK	1842152
1104	FUN_140062550	140062550	428	OK	1844039
1105	FUN_140062710	140062710	107	OK	1844545
1106	FUN_140062790	140062790	630	OK	1847325
1107	FUN_140062a10	140062a10	1195	OK	1853016
1108	FUN_140062ed0	140062ed0	14	OK	1853208
1109	FUN_140062ef0	140062ef0	14	OK	1853400
1110	entry	14007a000	1119	OK	1857751
1111	thunk_FUN_140004a40	14007a470	5	OK	1857974
1112	FUN_14007a480	14007a480	110	OK	1858465
1113	FUN_14007a500	14007a500	204	OK	1859392
1114	FUN_14007a5e0	14007a5e0	104	OK	1860003
1115	FUN_14007a650	14007a650	95	OK	1860460
1116	FUN_14007a6b0	14007a6b0	129	OK	1861254
1117	FUN_14007a740	14007a740	442	OK	1863908
1118	DlpCallSyncDeviceIoControl	14007a900	275	OK	1865174
1119	FUN_14007aa20	14007aa20	147	OK	1865987
1120	AuxKlibGetSystemFirmwareTable	14007aab4	264	OK	1867301
1121	AuxKlibInitialize	14007abc0	104	OK	1868002
1122	FUN_14007b000	14007b000	46	OK	1868442
